id_device,id_user,device_type,device_brand,device_model
983,160,1,6,5
357,1733,1,6,23
15583,0,14,1,1
559,3529,1,1,18
15582,0,10,1,1
5670,3181,2,3,8
5791,551,2,11,4
15474,0,14,1,1
1984,3199,1,11,17
15584,0,14,1,1
2887,3353,1,1,5
2606,1836,1,8,12
15778,0,14,1,1
7806,2508,4,0,0
2906,69,1,1,13
16122,0,11,1,1
